-- phpMyAdmin SQL Dump
-- version 4.6.4
-- https://www.phpmyadmin.net/
--
-- Host: localhost
-- Generation Time: May 27, 2017 at 08:55 PM
-- Server version: 10.1.16-MariaDB
-- PHP Version: 7.0.9

SET SQL_MODE = "NO_AUTO_VALUE_ON_ZERO";
SET time_zone = "+00:00";


/*!40101 SET @OLD_CHARACTER_SET_CLIENT=@@CHARACTER_SET_CLIENT */;
/*!40101 SET @OLD_CHARACTER_SET_RESULTS=@@CHARACTER_SET_RESULTS */;
/*!40101 SET @OLD_COLLATION_CONNECTION=@@COLLATION_CONNECTION */;
/*!40101 SET NAMES utf8mb4 */;

--
-- Database: `variant_capp_tool`
--

-- --------------------------------------------------------

--
-- Table structure for table `databasechangelog`
--

CREATE TABLE `databasechangelog` (
  `ID` varchar(255) NOT NULL,
  `AUTHOR` varchar(255) NOT NULL,
  `FILENAME` varchar(255) NOT NULL,
  `DATEEXECUTED` datetime NOT NULL,
  `ORDEREXECUTED` int(11) NOT NULL,
  `EXECTYPE` varchar(10) NOT NULL,
  `MD5SUM` varchar(35) DEFAULT NULL,
  `DESCRIPTION` varchar(255) DEFAULT NULL,
  `COMMENTS` varchar(255) DEFAULT NULL,
  `TAG` varchar(255) DEFAULT NULL,
  `LIQUIBASE` varchar(20) DEFAULT NULL,
  `CONTEXTS` varchar(255) DEFAULT NULL,
  `LABELS` varchar(255) DEFAULT NULL,
  `DEPLOYMENT_ID` varchar(10) DEFAULT NULL
) ENGINE=InnoDB DEFAULT CHARSET=latin1;

--
-- Dumping data for table `databasechangelog`
--

INSERT INTO `databasechangelog` (`ID`, `AUTHOR`, `FILENAME`, `DATEEXECUTED`, `ORDEREXECUTED`, `EXECTYPE`, `MD5SUM`, `DESCRIPTION`, `COMMENTS`, `TAG`, `LIQUIBASE`, `CONTEXTS`, `LABELS`, `DEPLOYMENT_ID`) VALUES
('00000000000001', 'jhipster', 'classpath:config/liquibase/changelog/00000000000000_initial_schema.xml', '2017-05-27 21:12:57', 1, 'EXECUTED', '7:289534c28c020e6fefc04422562ad4a2', 'createTable tableName=jhi_user; createIndex indexName=idx_user_login, tableName=jhi_user; createIndex indexName=idx_user_email, tableName=jhi_user; createTable tableName=jhi_authority; createTable tableName=jhi_user_authority; addPrimaryKey tableN...', '', NULL, '3.5.3', NULL, NULL, '5899771371'),
('20170527153530-1', 'jhipster', 'classpath:config/liquibase/changelog/20170527153530_added_entity_Part.xml', '2017-05-27 21:12:57', 2, 'EXECUTED', '7:e584df1baf5708eed4de3229cf2c5445', 'createTable tableName=part', '', NULL, '3.5.3', NULL, NULL, '5899771371');

-- --------------------------------------------------------

--
-- Table structure for table `databasechangeloglock`
--

CREATE TABLE `databasechangeloglock` (
  `ID` int(11) NOT NULL,
  `LOCKED` bit(1) NOT NULL,
  `LOCKGRANTED` datetime DEFAULT NULL,
  `LOCKEDBY` varchar(255) DEFAULT NULL
) ENGINE=InnoDB DEFAULT CHARSET=latin1;

--
-- Dumping data for table `databasechangeloglock`
--

INSERT INTO `databasechangeloglock` (`ID`, `LOCKED`, `LOCKGRANTED`, `LOCKEDBY`) VALUES
(1, b'0', NULL, NULL);

-- --------------------------------------------------------

--
-- Table structure for table `jhi_authority`
--

CREATE TABLE `jhi_authority` (
  `name` varchar(50) NOT NULL
) ENGINE=InnoDB DEFAULT CHARSET=latin1;

--
-- Dumping data for table `jhi_authority`
--

INSERT INTO `jhi_authority` (`name`) VALUES
('ROLE_ADMIN'),
('ROLE_USER');

-- --------------------------------------------------------

--
-- Table structure for table `jhi_persistent_audit_event`
--

CREATE TABLE `jhi_persistent_audit_event` (
  `event_id` bigint(20) NOT NULL,
  `principal` varchar(50) NOT NULL,
  `event_date` timestamp NULL DEFAULT NULL,
  `event_type` varchar(255) DEFAULT NULL
) ENGINE=InnoDB DEFAULT CHARSET=latin1;

--
-- Dumping data for table `jhi_persistent_audit_event`
--

INSERT INTO `jhi_persistent_audit_event` (`event_id`, `principal`, `event_date`, `event_type`) VALUES
(1, 'admin', '2017-05-27 18:43:01', 'AUTHENTICATION_SUCCESS');

-- --------------------------------------------------------

--
-- Table structure for table `jhi_persistent_audit_evt_data`
--

CREATE TABLE `jhi_persistent_audit_evt_data` (
  `event_id` bigint(20) NOT NULL,
  `name` varchar(150) NOT NULL,
  `value` varchar(255) DEFAULT NULL
) ENGINE=InnoDB DEFAULT CHARSET=latin1;

-- --------------------------------------------------------

--
-- Table structure for table `jhi_user`
--

CREATE TABLE `jhi_user` (
  `id` bigint(20) NOT NULL,
  `login` varchar(50) NOT NULL,
  `password_hash` varchar(60) DEFAULT NULL,
  `first_name` varchar(50) DEFAULT NULL,
  `last_name` varchar(50) DEFAULT NULL,
  `email` varchar(100) DEFAULT NULL,
  `image_url` varchar(256) DEFAULT NULL,
  `activated` bit(1) NOT NULL,
  `lang_key` varchar(5) DEFAULT NULL,
  `activation_key` varchar(20) DEFAULT NULL,
  `reset_key` varchar(20) DEFAULT NULL,
  `created_by` varchar(50) NOT NULL,
  `created_date` timestamp NOT NULL,
  `reset_date` timestamp NULL DEFAULT NULL,
  `last_modified_by` varchar(50) DEFAULT NULL,
  `last_modified_date` timestamp NULL DEFAULT NULL
) ENGINE=InnoDB DEFAULT CHARSET=latin1;

--
-- Dumping data for table `jhi_user`
--

INSERT INTO `jhi_user` (`id`, `login`, `password_hash`, `first_name`, `last_name`, `email`, `image_url`, `activated`, `lang_key`, `activation_key`, `reset_key`, `created_by`, `created_date`, `reset_date`, `last_modified_by`, `last_modified_date`) VALUES
(1, 'system', '$2a$10$mE.qmcV0mFU5NcKh73TZx.z4ueI/.bDWbj0T1BYyqP481kGGarKLG', 'System', 'System', 'system@localhost', '', b'1', 'en', NULL, NULL, 'system', '2017-05-27 15:42:54', NULL, 'system', NULL),
(2, 'anonymoususer', '$2a$10$j8S5d7Sr7.8VTOYNviDPOeWX8KcYILUVJBsYV83Y5NtECayypx9lO', 'Anonymous', 'User', 'anonymous@localhost', '', b'1', 'en', NULL, NULL, 'system', '2017-05-27 15:42:54', NULL, 'system', NULL),
(3, 'admin', '$2a$10$gSAhZrxMllrbgj/kkK9UceBPpChGWJA7SYIb1Mqo.n5aNLq1/oRrC', 'Administrator', 'Administrator', 'admin@localhost', '', b'1', 'en', NULL, NULL, 'system', '2017-05-27 15:42:54', NULL, 'system', NULL),
(4, 'user', '$2a$10$VEjxo0jq2YG9Rbk2HmX9S.k1uZBGYUHdUcid3g/vfiEl7lwWgOH/K', 'User', 'User', 'user@localhost', '', b'1', 'en', NULL, NULL, 'system', '2017-05-27 15:42:54', NULL, 'system', NULL);

-- --------------------------------------------------------

--
-- Table structure for table `jhi_user_authority`
--

CREATE TABLE `jhi_user_authority` (
  `user_id` bigint(20) NOT NULL,
  `authority_name` varchar(50) NOT NULL
) ENGINE=InnoDB DEFAULT CHARSET=latin1;

--
-- Dumping data for table `jhi_user_authority`
--

INSERT INTO `jhi_user_authority` (`user_id`, `authority_name`) VALUES
(1, 'ROLE_ADMIN'),
(1, 'ROLE_USER'),
(3, 'ROLE_ADMIN'),
(3, 'ROLE_USER'),
(4, 'ROLE_USER');

-- --------------------------------------------------------

--
-- Table structure for table `part`
--

CREATE TABLE `part` (
  `id` bigint(20) NOT NULL,
  `part_name` varchar(255) DEFAULT NULL,
  `part_length_dimension` double DEFAULT NULL,
  `part_height_width_diameter` double DEFAULT NULL,
  `ratio_ld` double DEFAULT NULL,
  `no_of_holes` int(11) DEFAULT NULL,
  `mass` int(11) DEFAULT NULL,
  `part_code` varchar(255) DEFAULT NULL
) ENGINE=InnoDB DEFAULT CHARSET=latin1;

--
-- Dumping data for table `part`
--

INSERT INTO `part` (`id`, `part_name`, `part_length_dimension`, `part_height_width_diameter`, `ratio_ld`, `no_of_holes`, `mass`, `part_code`) VALUES
(1, 'Cylinder cover head-01', 986, 132, 7.46, 9, 16, '99813'),
(2, 'Cylinder cover head-02', 1390, 132, 10.53, 12, 19, '99923'),
(3, 'Cylinder cover head-03', 986, 145, 6.8, 12, 10, '99721'),
(4, 'Cylinder cover head-04', 1086, 232, 4.68, 10, 14, '99612'),
(5, 'Cylinder cover head-05', 646, 122, 5.29, 11, 13, '78722'),
(6, 'Oil pan-01', 508, 254, 2, 14, 20, '78523'),
(7, 'Oil pan-02', 468, 220, 2.12, 12, 34, '96626'),
(8, 'Oil pan-03', 242, 75, 3.23, 12, 27, '78625'),
(9, 'Oil pan-04', 203, 63.5, 3.19, 15, 24, '78624'),
(10, 'Bullcage-01', 240, 142, 1.69, 10, 10, '11211'),
(11, 'Bullcage-02', 260, 145, 1.79, 12, 12, '11222'),
(12, 'Flywheel housing-01', 278, 70, 3.97, 36, 28, '46475');

--
-- Indexes for dumped tables
--

--
-- Indexes for table `databasechangeloglock`
--
ALTER TABLE `databasechangeloglock`
  ADD PRIMARY KEY (`ID`);

--
-- Indexes for table `jhi_authority`
--
ALTER TABLE `jhi_authority`
  ADD PRIMARY KEY (`name`);

--
-- Indexes for table `jhi_persistent_audit_event`
--
ALTER TABLE `jhi_persistent_audit_event`
  ADD PRIMARY KEY (`event_id`),
  ADD KEY `idx_persistent_audit_event` (`principal`,`event_date`);

--
-- Indexes for table `jhi_persistent_audit_evt_data`
--
ALTER TABLE `jhi_persistent_audit_evt_data`
  ADD PRIMARY KEY (`event_id`,`name`),
  ADD KEY `idx_persistent_audit_evt_data` (`event_id`);

--
-- Indexes for table `jhi_user`
--
ALTER TABLE `jhi_user`
  ADD PRIMARY KEY (`id`),
  ADD UNIQUE KEY `login` (`login`),
  ADD UNIQUE KEY `idx_user_login` (`login`),
  ADD UNIQUE KEY `email` (`email`),
  ADD UNIQUE KEY `idx_user_email` (`email`);

--
-- Indexes for table `jhi_user_authority`
--
ALTER TABLE `jhi_user_authority`
  ADD PRIMARY KEY (`user_id`,`authority_name`),
  ADD KEY `fk_authority_name` (`authority_name`);

--
-- Indexes for table `part`
--
ALTER TABLE `part`
  ADD PRIMARY KEY (`id`);

--
-- AUTO_INCREMENT for dumped tables
--

--
-- AUTO_INCREMENT for table `jhi_persistent_audit_event`
--
ALTER TABLE `jhi_persistent_audit_event`
  MODIFY `event_id` bigint(20) NOT NULL AUTO_INCREMENT, AUTO_INCREMENT=2;
--
-- AUTO_INCREMENT for table `jhi_user`
--
ALTER TABLE `jhi_user`
  MODIFY `id` bigint(20) NOT NULL AUTO_INCREMENT, AUTO_INCREMENT=5;
--
-- AUTO_INCREMENT for table `part`
--
ALTER TABLE `part`
  MODIFY `id` bigint(20) NOT NULL AUTO_INCREMENT, AUTO_INCREMENT=13;
--
-- Constraints for dumped tables
--

--
-- Constraints for table `jhi_persistent_audit_evt_data`
--
ALTER TABLE `jhi_persistent_audit_evt_data`
  ADD CONSTRAINT `fk_evt_pers_audit_evt_data` FOREIGN KEY (`event_id`) REFERENCES `jhi_persistent_audit_event` (`event_id`);

--
-- Constraints for table `jhi_user_authority`
--
ALTER TABLE `jhi_user_authority`
  ADD CONSTRAINT `fk_authority_name` FOREIGN KEY (`authority_name`) REFERENCES `jhi_authority` (`name`),
  ADD CONSTRAINT `fk_user_id` FOREIGN KEY (`user_id`) REFERENCES `jhi_user` (`id`);

/*!40101 SET CHARACTER_SET_CLIENT=@OLD_CHARACTER_SET_CLIENT */;
/*!40101 SET CHARACTER_SET_RESULTS=@OLD_CHARACTER_SET_RESULTS */;
/*!40101 SET COLLATION_CONNECTION=@OLD_COLLATION_CONNECTION */;
